time,altitude (m),speed (km/h),distance (km)
2013-10-05 11:00:53,51.6,2.5,0.000
2013-10-05 11:00:57,51.6,7.6,0.014
2013-10-05 11:01:01,51.6,12.3,0.035
2013-10-05 11:01:05,51.8,15.9,0.056
2013-10-05 11:01:06,51.8,17.0,0.060
2013-10-05 11:01:08,51.8,18.2,0.070
2013-10-05 11:01:11,51.6,17.5,0.083
2013-10-05 11:01:13,51.8,17.0,0.092
2013-10-05 11:01:16,51.8,16.4,0.105
2013-10-05 11:01:18,52.0,16.0,0.113
2013-10-05 11:01:21,52.0,15.8,0.128
2013-10-05 11:01:23,52.2,16.1,0.137
2013-10-05 11:01:25,52.2,16.1,0.146
2013-10-05 11:01:27,52.4,16.1,0.155
2013-10-05 11:01:30,52.4,16.5,0.169
2013-10-05 11:01:32,52.4,16.4,0.178
2013-10-05 11:01:33,52.4,16.2,0.182
2013-10-05 11:01:35,52.4,15.9,0.190
2013-10-05 11:01:41,52.4,14.8,0.213
2013-10-05 11:01:44,52.4,13.3,0.221
2013-10-05 11:01:45,52.4,12.5,0.222
2013-10-05 11:01:48,52.2,10.8,0.229
2013-10-05 11:01:49,52.2,10.7,0.233
2013-10-05 11:01:53,52.0,12.9,0.257
2013-10-05 11:01:57,52.2,16.5,0.279
2013-10-05 11:01:58,52.2,17.7,0.285
2013-10-05 11:02:02,52.2,19.2,0.303
2013-10-05 11:02:04,52.2,18.4,0.313
2013-10-05 11:02:06,52.2,17.7,0.322
2013-10-05 11:02:08,52.4,17.1,0.330
2013-10-05 11:02:13,52.4,15.9,0.352
2013-10-05 11:02:14,52.4,15.8,0.356
2013-10-05 11:02:18,52.2,15.0,0.371
2013-10-05 11:02:22,52.6,16.2,0.393
2013-10-05 11:02:25,52.8,16.9,0.409
2013-10-05 11:02:28,52.8,17.7,0.423
2013-10-05 11:02:31,53.0,18.0,0.436
2013-10-05 11:02:34,53.0,16.7,0.448
2013-10-05 11:02:39,53.6,15.5,0.469
2013-10-05 11:02:40,53.8,15.3,0.474
2013-10-05 11:02:45,54.6,14.8,0.494
2013-10-05 11:02:50,55.8,14.2,0.512
2013-10-05 11:02:56,57.2,13.7,0.535
2013-10-05 11:02:58,57.8,13.6,0.543
2013-10-05 11:03:04,59.2,13.2,0.564
2013-10-05 11:03:05,59.4,13.1,0.568
2013-10-05 11:03:11,60.4,13.1,0.590
2013-10-05 11:03:13,61.0,13.3,0.598
2013-10-05 11:03:18,62.0,13.2,0.616
2013-10-05 11:03:22,62.6,13.7,0.632
2013-10-05 11:03:27,63.0,14.4,0.653
2013-10-05 11:03:29,63.2,14.8,0.662
2013-10-05 11:03:34,63.6,15.2,0.683
2013-10-05 11:03:36,63.8,15.2,0.691
2013-10-05 11:03:41,64.2,15.4,0.713
2013-10-05 11:03:43,64.2,15.3,0.721
2013-10-05 11:03:48,64.4,15.6,0.744
2013-10-05 11:03:49,64.4,15.7,0.748
2013-10-05 11:03:54,64.2,15.7,0.770
2013-10-05 11:03:59,64.2,15.6,0.791
2013-10-05 11:04:00,64.2,15.6,0.796
2013-10-05 11:04:05,64.0,15.8,0.818
2013-10-05 11:04:08,64.0,16.2,0.832
2013-10-05 11:04:10,63.8,16.3,0.841
2013-10-05 11:04:15,63.6,16.5,0.864
2013-10-05 11:04:17,63.6,16.3,0.872
2013-10-05 11:04:19,63.4,16.1,0.881
2013-10-05 11:04:23,63.2,15.9,0.898
2013-10-05 11:04:28,62.6,15.6,0.919
2013-10-05 11:04:29,62.6,15.5,0.923
2013-10-05 11:04:34,62.0,15.6,0.946
2013-10-05 11:04:38,61.4,15.7,0.964
2013-10-05 11:04:40,61.2,16.7,0.976
2013-10-05 11:04:41,61.0,17.2,0.981
2013-10-05 11:04:44,60.4,17.7,0.996
2013-10-05 11:04:45,60.2,17.6,1.000
2013-10-05 11:04:46,60.2,17.5,1.005
2013-10-05 11:04:46,60.2,17.5,1.005
2013-10-05 11:04:48,59.8,17.6,1.014
2013-10-05 11:04:52,59.2,16.3,1.030
2013-10-05 11:04:53,59.0,15.8,1.034
2013-10-05 11:04:59,58.2,14.4,1.057
2013-10-05 11:05:03,57.6,14.1,1.073
2013-10-05 11:05:08,57.2,14.0,1.092
2013-10-05 11:05:13,56.6,13.2,1.108
2013-10-05 11:05:18,56.2,11.8,1.123
2013-10-05 11:05:19,56.2,11.6,1.126
2013-10-05 11:05:23,56.0,11.9,1.142
2013-10-05 11:05:28,55.8,12.9,1.161
2013-10-05 11:05:32,55.8,14.6,1.179
2013-10-05 11:05:36,55.6,14.6,1.195
2013-10-05 11:05:40,55.4,14.5,1.210
2013-10-05 11:05:44,55.4,14.2,1.227
2013-10-05 11:05:48,55.4,13.9,1.241
2013-10-05 11:05:53,55.4,14.0,1.260
2013-10-05 11:05:57,55.4,14.3,1.278
2013-10-05 11:06:01,55.2,14.4,1.293
2013-10-05 11:06:07,55.0,14.4,1.317
2013-10-05 11:06:12,54.8,14.1,1.337
2013-10-05 11:06:18,54.6,14.0,1.360
2013-10-05 11:06:20,54.6,14.2,1.368
2013-10-05 11:06:25,54.6,14.2,1.388
2013-10-05 11:06:30,54.6,14.5,1.408
2013-10-05 11:06:35,54.8,14.3,1.429
2013-10-05 11:06:40,55.0,14.7,1.449
2013-10-05 11:06:42,55.0,14.7,1.458
2013-10-05 11:06:47,55.4,14.6,1.477
2013-10-05 11:06:53,55.8,14.0,1.500
2013-10-05 11:06:58,56.0,14.3,1.520
2013-10-05 11:07:00,56.4,13.8,1.527
2013-10-05 11:07:05,57.4,14.0,1.547
2013-10-05 11:07:06,57.4,14.2,1.551
2013-10-05 11:07:11,58.4,13.6,1.568
2013-10-05 11:07:17,59.6,12.5,1.588
2013-10-05 11:07:22,60.8,12.3,1.607
2013-10-05 11:07:27,61.6,14.4,1.629
2013-10-05 11:07:32,61.8,15.6,1.650
2013-10-05 11:07:36,61.8,15.5,1.666
2013-10-05 11:07:40,62.0,14.4,1.681
2013-10-05 11:07:46,62.8,13.9,1.705
2013-10-05 11:07:47,62.6,14.1,1.710
2013-10-05 11:07:51,62.8,15.0,1.728
2013-10-05 11:07:57,62.8,14.8,1.749
2013-10-05 11:08:01,62.8,13.3,1.763
2013-10-05 11:08:06,63.4,12.5,1.782
2013-10-05 11:08:11,63.0,14.4,1.804
2013-10-05 11:08:16,63.0,14.8,1.822
2013-10-05 11:08:21,62.8,14.4,1.844
2013-10-05 11:08:25,62.6,15.4,1.862
2013-10-05 11:08:30,62.2,15.3,1.882
2013-10-05 11:08:31,62.2,15.4,1.887
2013-10-05 11:08:36,61.8,14.7,1.906
2013-10-05 11:08:41,61.6,13.6,1.923
2013-10-05 11:08:46,61.6,11.4,1.937
2013-10-05 11:08:51,63.2,10.7,1.953
2013-10-05 11:08:56,64.8,11.6,1.971
2013-10-05 11:09:02,67.2,12.9,1.992
2013-10-05 11:09:05,67.8,13.3,2.004
2013-10-05 11:09:07,68.4,13.8,2.012
2013-10-05 11:09:12,69.6,12.6,2.026
2013-10-05 11:09:17,70.8,11.7,2.043
2013-10-05 11:09:21,71.0,11.4,2.058
2013-10-05 11:09:25,73.2,10.8,2.062
2013-10-05 11:09:28,74.8,9.6,2.068
2013-10-05 11:09:31,75.8,8.8,2.078
2013-10-05 11:09:36,76.6,11.8,2.102
2013-10-05 11:09:41,78.2,14.8,2.121
2013-10-05 11:09:46,79.4,15.4,2.141
2013-10-05 11:09:51,79.4,14.9,2.163
2013-10-05 11:09:56,79.4,14.3,2.181
2013-10-05 11:10:02,80.0,13.1,2.203
2013-10-05 11:10:07,80.8,12.6,2.218
2013-10-05 11:10:12,81.4,12.8,2.238
2013-10-05 11:10:18,81.2,13.5,2.260
2013-10-05 11:10:24,83.0,13.3,2.281
2013-10-05 11:10:29,84.4,12.9,2.298
2013-10-05 11:10:34,85.6,14.3,2.320
2013-10-05 11:10:35,85.8,14.9,2.325
2013-10-05 11:10:37,86.2,15.6,2.335
2013-10-05 11:10:40,86.6,16.5,2.347
2013-10-05 11:10:44,87.4,15.9,2.364
2013-10-05 11:10:45,87.2,16.1,2.368
2013-10-05 11:10:47,87.2,15.5,2.376
2013-10-05 11:10:50,87.0,13.8,2.384
2013-10-05 11:10:55,86.4,13.5,2.405
2013-10-05 11:10:56,86.4,13.1,2.407
2013-10-05 11:11:00,85.6,14.2,2.428
2013-10-05 11:11:01,85.4,14.7,2.431
2013-10-05 11:11:05,84.6,13.7,2.442
2013-10-05 11:11:10,83.6,13.1,2.462
2013-10-05 11:11:15,83.0,13.9,2.483
2013-10-05 11:11:16,83.0,14.2,2.486
2013-10-05 11:11:21,82.4,13.6,2.502
2013-10-05 11:11:24,82.4,16.3,2.522
2013-10-05 11:11:26,82.2,15.9,2.531
2013-10-05 11:11:29,82.0,16.4,2.543
2013-10-05 11:11:31,82.0,17.6,2.552
2013-10-05 11:11:33,82.0,17.8,2.560
2013-10-05 11:11:36,82.0,15.5,2.573
2013-10-05 11:11:41,82.4,15.8,2.596
2013-10-05 11:11:42,82.4,15.6,2.599
2013-10-05 11:11:47,83.4,15.3,2.619
2013-10-05 11:11:52,84.6,14.1,2.638
2013-10-05 11:11:57,87.0,13.2,2.655
2013-10-05 11:12:02,88.8,13.1,2.674
2013-10-05 11:12:07,90.6,12.7,2.690
2013-10-05 11:12:11,92.0,12.3,2.703
2013-10-05 11:12:16,95.2,10.2,2.712
2013-10-05 11:12:21,97.4,10.9,2.733
2013-10-05 11:12:22,98.0,11.2,2.738
2013-10-05 11:12:27,100.0,14.4,2.758
2013-10-05 11:12:28,100.6,14.4,2.760
2013-10-05 11:12:30,100.8,14.6,2.768
2013-10-05 11:12:32,101.0,15.3,2.779
2013-10-05 11:12:35,101.4,15.2,2.792
2013-10-05 11:12:36,101.4,15.3,2.797
2013-10-05 11:12:41,101.4,16.0,2.817
2013-10-05 11:12:46,101.2,15.9,2.841
2013-10-05 11:12:47,101.0,15.8,2.845
2013-10-05 11:12:49,101.0,16.3,2.856
2013-10-05 11:12:51,100.8,16.6,2.865
2013-10-05 11:12:54,100.6,16.7,2.878
2013-10-05 11:12:56,100.4,16.5,2.888
2013-10-05 11:12:57,100.2,16.7,2.893
2013-10-05 11:12:59,100.0,17.1,2.902
2013-10-05 11:13:00,100.0,16.8,2.907
2013-10-05 11:13:04,99.4,17.6,2.928
2013-10-05 11:13:05,99.2,17.7,2.933
2013-10-05 11:13:08,98.8,17.8,2.947
2013-10-05 11:13:10,98.4,17.5,2.956
2013-10-05 11:13:13,98.0,16.5,2.968
2013-10-05 11:13:18,97.0,16.8,2.993
2013-10-05 11:13:20,96.4,17.2,3.004
2013-10-05 11:13:23,95.6,17.8,3.019
2013-10-05 11:13:25,95.0,18.1,3.027
2013-10-05 11:13:27,94.4,18.2,3.037
2013-10-05 11:13:32,93.0,16.6,3.059
2013-10-05 11:13:33,92.8,16.2,3.063
2013-10-05 11:13:38,91.4,15.0,3.082
2013-10-05 11:13:43,90.0,14.6,3.102
2013-10-05 11:13:48,88.8,14.9,3.124
2013-10-05 11:13:49,88.6,15.2,3.128
2013-10-05 11:13:55,87.4,14.3,3.150
2013-10-05 11:14:00,86.2,12.6,3.165
2013-10-05 11:14:05,85.0,13.3,3.186
2013-10-05 11:14:10,84.2,14.7,3.206
2013-10-05 11:14:15,83.4,13.7,3.223
2013-10-05 11:14:21,82.8,10.7,3.238
2013-10-05 11:14:26,82.6,11.3,3.258
2013-10-05 11:14:31,82.6,13.5,3.279
2013-10-05 11:14:32,82.6,14.2,3.283
2013-10-05 11:14:37,83.0,15.2,3.305
2013-10-05 11:14:39,82.8,16.5,3.316
2013-10-05 11:14:42,82.2,18.1,3.335
2013-10-05 11:14:44,82.0,18.3,3.344
2013-10-05 11:14:46,81.6,18.6,3.354
2013-10-05 11:14:48,81.4,18.2,3.360
2013-10-05 11:14:50,81.0,17.9,3.369
2013-10-05 11:14:53,80.4,15.1,3.379
2013-10-05 11:14:55,80.4,14.3,3.387
2013-10-05 11:14:59,79.8,14.2,3.404
2013-10-05 11:15:03,79.6,13.8,3.417
2013-10-05 11:15:09,79.6,13.4,3.440
2013-10-05 11:15:14,79.6,15.0,3.464
2013-10-05 11:15:19,79.6,16.8,3.487
2013-10-05 11:15:20,79.6,16.9,3.491
2013-10-05 11:15:25,79.6,15.1,3.508
2013-10-05 11:15:30,79.8,12.7,3.525
2013-10-05 11:15:35,80.0,13.3,3.544
2013-10-05 11:15:40,79.8,14.1,3.561
2013-10-05 11:15:44,80.0,15.4,3.585
2013-10-05 11:15:47,79.8,16.4,3.598
2013-10-05 11:15:50,79.8,17.2,3.609
2013-10-05 11:15:54,79.8,15.5,3.623
2013-10-05 11:15:57,79.8,13.4,3.633
2013-10-05 11:16:00,79.8,13.1,3.646
2013-10-05 11:16:05,79.8,13.7,3.664
2013-10-05 11:16:11,80.2,12.2,3.683
2013-10-05 11:16:15,80.4,11.5,3.694
2013-10-05 11:16:17,80.6,10.9,3.700
2013-10-05 11:16:22,81.0,10.8,3.715
2013-10-05 11:16:23,81.2,10.9,3.718
2013-10-05 11:16:28,81.8,12.0,3.737
2013-10-05 11:16:33,81.8,12.9,3.751
2013-10-05 11:16:35,81.8,11.7,3.755
2013-10-05 11:16:39,82.0,11.6,3.767
2013-10-05 11:16:43,82.8,12.4,3.785
2013-10-05 11:16:45,83.2,15.2,3.801
2013-10-05 11:16:47,83.6,18.4,3.817
2013-10-05 11:16:49,84.0,21.7,3.834
2013-10-05 11:16:51,84.2,23.3,3.847
2013-10-05 11:16:55,84.6,24.8,3.864
2013-10-05 11:16:56,84.8,23.7,3.868
2013-10-05 11:17:00,84.4,20.4,3.888
2013-10-05 11:17:02,84.4,17.7,3.895
2013-10-05 11:17:05,84.2,18.3,3.915
2013-10-05 11:17:07,84.0,18.8,3.927
2013-10-05 11:17:10,83.6,20.6,3.947
2013-10-05 11:17:11,83.4,20.5,3.951
2013-10-05 11:17:15,83.4,21.1,3.972
2013-10-05 11:17:16,83.4,20.1,3.974
2013-10-05 11:17:21,83.8,17.3,3.995
2013-10-05 11:17:22,84.0,17.2,4.002
2013-10-05 11:17:23,84.2,16.9,4.006
2013-10-05 11:17:23,84.2,16.9,4.006
2013-10-05 11:17:25,84.8,16.4,4.011
2013-10-05 11:17:29,85.8,16.5,4.027
2013-10-05 11:17:32,86.2,17.6,4.045
2013-10-05 11:17:33,86.4,18.4,4.052
2013-10-05 11:17:34,86.4,18.1,4.054
2013-10-05 11:17:36,86.8,17.9,4.060
2013-10-05 11:17:41,87.2,17.0,4.078
2013-10-05 11:17:42,87.2,15.9,4.081
2013-10-05 11:17:46,87.4,12.5,4.091
2013-10-05 11:17:49,87.4,11.5,4.097
2013-10-05 11:17:51,87.4,10.6,4.101
2013-10-05 11:17:52,87.4,11.4,4.107
2013-10-05 11:17:55,87.4,12.9,4.121
2013-10-05 11:17:56,87.4,14.1,4.129
2013-10-05 11:17:57,87.4,17.0,4.141
2013-10-05 11:17:59,87.8,23.1,4.167
2013-10-05 11:18:01,87.0,29.2,4.192
2013-10-05 11:18:02,87.0,30.4,4.198
2013-10-05 11:18:04,86.4,31.0,4.209
2013-10-05 11:18:07,85.8,31.1,4.225
2013-10-05 11:18:09,85.4,28.4,4.235
2013-10-05 11:18:10,85.2,24.6,4.241
2013-10-05 11:18:13,84.4,18.7,4.255
2013-10-05 11:18:17,83.4,17.6,4.274
2013-10-05 11:18:21,82.6,16.6,4.290
2013-10-05 11:18:22,82.4,16.1,4.294
2013-10-05 11:18:27,81.2,15.0,4.314
2013-10-05 11:18:28,81.0,14.6,4.318
2013-10-05 11:18:33,80.0,14.1,4.337
2013-10-05 11:18:38,79.0,13.9,4.356
2013-10-05 11:18:43,78.0,13.9,4.376
2013-10-05 11:18:44,77.8,13.9,4.380
2013-10-05 11:18:49,76.8,14.3,4.400
2013-10-05 11:18:55,76.0,13.9,4.422
2013-10-05 11:19:01,75.2,14.1,4.446
2013-10-05 11:19:05,74.6,14.0,4.462
2013-10-05 11:19:10,73.8,13.9,4.480
2013-10-05 11:19:14,73.4,13.7,4.496
2013-10-05 11:19:20,72.6,13.8,4.519
2013-10-05 11:19:26,71.8,13.5,4.541
2013-10-05 11:19:28,71.4,13.5,4.549
2013-10-05 11:19:34,70.6,13.9,4.572
2013-10-05 11:19:35,70.6,13.9,4.576
2013-10-05 11:19:41,69.6,13.9,4.600
2013-10-05 11:19:42,69.6,13.8,4.603
2013-10-05 11:19:47,68.8,14.0,4.623
2013-10-05 11:19:48,68.8,14.0,4.627
2013-10-05 11:19:53,68.0,14.2,4.646
2013-10-05 11:19:58,67.6,13.7,4.665
2013-10-05 11:20:04,67.0,13.6,4.688
2013-10-05 11:20:05,66.8,13.5,4.691
2013-10-05 11:20:11,66.2,13.8,4.714
2013-10-05 11:20:13,66.0,13.7,4.721
2013-10-05 11:20:18,65.4,14.0,4.742
2013-10-05 11:20:19,65.4,14.0,4.746
2013-10-05 11:20:24,65.0,13.8,4.764
2013-10-05 11:20:30,64.4,13.8,4.788
2013-10-05 11:20:31,64.4,13.8,4.791
2013-10-05 11:20:35,64.2,14.2,4.808
2013-10-05 11:20:40,64.0,13.8,4.826
2013-10-05 11:20:45,63.8,13.4,4.844
2013-10-05 11:20:50,63.4,13.8,4.865
2013-10-05 11:20:52,63.2,14.0,4.873
2013-10-05 11:20:57,63.0,14.4,4.892
2013-10-05 11:21:02,62.6,14.3,4.913
2013-10-05 11:21:07,62.4,14.5,4.933
2013-10-05 11:21:11,62.4,14.2,4.948
2013-10-05 11:21:17,62.2,13.4,4.968
2013-10-05 11:21:18,62.2,13.2,4.972
2013-10-05 11:21:24,62.0,13.2,4.995
2013-10-05 11:21:26,62.0,13.7,5.004
2013-10-05 11:21:29,62.0,14.2,5.016
2013-10-05 11:21:34,62.0,14.4,5.035
2013-10-05 11:21:38,61.8,14.2,5.051
2013-10-05 11:21:43,61.6,14.3,5.072
2013-10-05 11:21:48,61.4,15.0,5.091
2013-10-05 11:21:53,61.2,14.5,5.112
2013-10-05 11:21:54,61.2,14.5,5.116
2013-10-05 11:21:59,60.8,14.6,5.136
2013-10-05 11:22:04,60.4,14.5,5.156
2013-10-05 11:22:08,60.2,14.3,5.172
2013-10-05 11:22:13,60.0,14.7,5.193
2013-10-05 11:22:18,59.8,15.0,5.214
2013-10-05 11:22:19,59.6,14.9,5.218
2013-10-05 11:22:24,59.4,14.6,5.238
2013-10-05 11:22:25,59.4,14.5,5.242
2013-10-05 11:22:30,59.2,14.6,5.263
2013-10-05 11:22:35,59.2,14.8,5.284
2013-10-05 11:22:36,59.2,15.0,5.288
2013-10-05 11:22:42,59.0,14.8,5.313
2013-10-05 11:22:43,59.0,14.9,5.317
2013-10-05 11:22:48,59.0,15.3,5.339
2013-10-05 11:22:52,58.8,15.2,5.355
2013-10-05 11:22:57,58.6,14.6,5.374
2013-10-05 11:23:02,58.2,13.9,5.394
2013-10-05 11:23:08,58.0,14.0,5.417
2013-10-05 11:23:14,57.6,14.1,5.441
2013-10-05 11:23:15,57.6,14.1,5.445
2013-10-05 11:23:20,57.4,14.4,5.465
2013-10-05 11:23:25,57.2,14.2,5.484
2013-10-05 11:23:31,57.0,14.1,5.508
2013-10-05 11:23:36,56.8,13.8,5.526
2013-10-05 11:23:41,56.6,13.1,5.544
2013-10-05 11:23:46,56.6,12.8,5.562
2013-10-05 11:23:52,56.6,13.1,5.584
2013-10-05 11:23:57,56.6,13.0,5.602
2013-10-05 11:24:02,57.0,13.0,5.620
2013-10-05 11:24:07,57.6,13.3,5.640
2013-10-05 11:24:12,58.0,13.8,5.659
2013-10-05 11:24:18,58.4,13.6,5.682
2013-10-05 11:24:24,58.8,13.4,5.704
2013-10-05 11:24:30,59.4,13.5,5.727
2013-10-05 11:24:35,59.8,13.5,5.745
2013-10-05 11:24:41,60.2,13.4,5.768
2013-10-05 11:24:47,61.0,13.9,5.792
2013-10-05 11:24:53,62.2,13.6,5.812
2013-10-05 11:24:59,63.8,12.8,5.834
2013-10-05 11:25:05,65.4,12.9,5.855
2013-10-05 11:25:09,66.2,12.9,5.870
2013-10-05 11:25:15,67.2,12.5,5.890
2013-10-05 11:25:20,67.8,12.7,5.908
2013-10-05 11:25:25,68.4,13.1,5.927
2013-10-05 11:25:31,69.6,13.5,5.950
2013-10-05 11:25:32,69.8,13.5,5.954
2013-10-05 11:25:37,70.8,13.4,5.972
2013-10-05 11:25:44,72.0,12.1,5.994
2013-10-05 11:25:46,72.4,12.1,6.002
2013-10-05 11:25:50,73.2,12.0,6.015
2013-10-05 11:25:56,74.0,13.0,6.037
2013-10-05 11:26:02,74.8,13.3,6.059
2013-10-05 11:26:03,74.8,13.3,6.063
2013-10-05 11:26:09,75.0,13.5,6.085
2013-10-05 11:26:14,75.0,14.0,6.106
2013-10-05 11:26:15,75.0,14.1,6.110
2013-10-05 11:26:21,75.0,14.3,6.132
2013-10-05 11:26:22,75.0,14.4,6.136
2013-10-05 11:26:27,74.8,11.4,6.147
2013-10-05 11:26:33,74.6,10.1,6.166
2013-10-05 11:26:38,74.6,13.6,6.189
2013-10-05 11:26:42,74.4,16.0,6.208
2013-10-05 11:26:47,74.4,16.6,6.231
2013-10-05 11:26:48,74.4,16.0,6.234
2013-10-05 11:26:52,74.4,15.1,6.247
2013-10-05 11:26:57,74.6,14.6,6.270
2013-10-05 11:27:00,74.8,14.8,6.284
2013-10-05 11:27:05,74.8,15.5,6.304
2013-10-05 11:27:08,75.0,16.7,6.321
2013-10-05 11:27:10,75.2,16.0,6.330
2013-10-05 11:27:14,75.2,16.4,6.344
2013-10-05 11:27:15,75.2,17.1,6.348
2013-10-05 11:27:21,75.8,14.1,6.370
2013-10-05 11:27:26,76.2,14.2,6.390
2013-10-05 11:27:31,76.6,14.7,6.411
2013-10-05 11:27:36,77.0,14.2,6.430
2013-10-05 11:27:41,78.0,13.9,6.448
2013-10-05 11:27:46,78.4,15.0,6.472
2013-10-05 11:27:47,78.4,15.1,6.476
2013-10-05 11:27:49,78.4,15.7,6.485
2013-10-05 11:27:51,78.2,15.7,6.491
2013-10-05 11:27:56,78.0,15.0,6.511
2013-10-05 11:28:01,77.6,14.3,6.532
2013-10-05 11:28:07,76.6,14.5,6.554
2013-10-05 11:28:12,75.8,14.2,6.574
2013-10-05 11:28:17,74.8,14.3,6.594
2013-10-05 11:28:23,73.6,13.9,6.616
2013-10-05 11:28:28,72.6,13.5,6.634
2013-10-05 11:28:34,71.6,13.9,6.659
2013-10-05 11:28:35,71.4,14.1,6.663
2013-10-05 11:28:39,71.0,14.4,6.679
2013-10-05 11:28:44,70.8,14.2,6.694
2013-10-05 11:28:48,70.8,12.0,6.702
2013-10-05 11:28:53,70.8,10.6,6.717
2013-10-05 11:28:57,71.0,11.7,6.733
2013-10-05 11:29:02,71.4,14.3,6.754
2013-10-05 11:29:07,72.0,14.7,6.773
2013-10-05 11:29:11,72.6,14.0,6.790
2013-10-05 11:29:16,73.8,14.5,6.812
2013-10-05 11:29:21,74.8,15.6,6.833
2013-10-05 11:29:22,75.0,15.5,6.836
2013-10-05 11:29:27,75.4,14.3,6.855
2013-10-05 11:29:32,76.0,13.8,6.875
2013-10-05 11:29:37,76.4,14.1,6.895
2013-10-05 11:29:42,77.0,15.0,6.916
2013-10-05 11:29:47,77.2,15.0,6.936
2013-10-05 11:29:53,77.6,13.9,6.959
2013-10-05 11:29:59,77.6,13.4,6.981
2013-10-05 11:30:04,77.8,13.4,7.001
2013-10-05 11:30:09,78.2,13.5,7.019
2013-10-05 11:30:15,79.0,13.9,7.042
2013-10-05 11:30:16,79.0,13.6,7.046
2013-10-05 11:30:22,80.2,13.7,7.068
2013-10-05 11:30:23,80.6,13.7,7.072
2013-10-05 11:30:29,81.8,13.9,7.096
2013-10-05 11:30:34,83.0,13.6,7.114
2013-10-05 11:30:39,82.6,13.7,7.127
2013-10-05 11:30:45,82.6,13.1,7.148
2013-10-05 11:30:46,82.4,13.4,7.153
2013-10-05 11:30:51,82.2,14.6,7.176
2013-10-05 11:30:56,81.6,15.2,7.195
2013-10-05 11:31:01,81.0,14.7,7.214
2013-10-05 11:31:05,80.4,15.2,7.232
2013-10-05 11:31:10,79.6,14.9,7.252
2013-10-05 11:31:16,79.0,14.1,7.275
2013-10-05 11:31:20,78.4,14.0,7.290
2013-10-05 11:31:26,77.8,13.7,7.313
2013-10-05 11:31:31,77.2,13.1,7.330
2013-10-05 11:31:37,76.6,12.8,7.352
2013-10-05 11:31:43,76.4,13.3,7.374
2013-10-05 11:31:48,76.4,13.7,7.393
2013-10-05 11:31:53,76.4,13.1,7.410
2013-10-05 11:31:58,75.6,14.1,7.432
2013-10-05 11:32:02,75.2,13.7,7.446
2013-10-05 11:32:06,75.0,13.8,7.460
2013-10-05 11:32:10,74.8,13.2,7.477
2013-10-05 11:32:16,74.8,14.2,7.500
2013-10-05 11:32:21,75.2,13.9,7.519
2013-10-05 11:32:27,76.2,13.2,7.540
2013-10-05 11:32:33,77.6,13.1,7.563
2013-10-05 11:32:39,79.0,13.8,7.586
2013-10-05 11:32:44,80.4,14.0,7.606
2013-10-05 11:32:45,80.8,14.2,7.610
2013-10-05 11:32:50,81.8,13.8,7.627
2013-10-05 11:32:55,82.8,13.7,7.647
2013-10-05 11:33:01,83.6,13.5,7.670
2013-10-05 11:33:06,83.8,13.4,7.687
2013-10-05 11:33:12,83.6,13.0,7.708
2013-10-05 11:33:17,83.4,12.6,7.726
2013-10-05 11:33:23,83.0,12.6,7.747
2013-10-05 11:33:28,82.6,13.9,7.768
2013-10-05 11:33:33,82.4,14.9,7.790
2013-10-05 11:33:34,82.4,15.1,7.793
2013-10-05 11:33:39,82.2,14.9,7.814
2013-10-05 11:33:41,82.2,14.6,7.822
2013-10-05 11:33:47,81.8,13.8,7.844
2013-10-05 11:33:52,81.6,14.1,7.865
2013-10-05 11:33:53,81.6,14.2,7.869
2013-10-05 11:33:58,80.4,13.7,7.884
2013-10-05 11:34:04,79.6,13.3,7.907
2013-10-05 11:34:05,79.4,13.2,7.910
2013-10-05 11:34:07,79.0,13.0,7.916
2013-10-05 11:34:09,78.8,12.8,7.923
2013-10-05 11:34:14,78.0,13.0,7.942
2013-10-05 11:34:19,77.2,13.3,7.961
2013-10-05 11:34:25,75.8,14.2,7.983
2013-10-05 11:34:29,74.8,14.8,8.001
2013-10-05 11:34:30,74.6,14.8,8.004
2013-10-05 11:34:30,74.6,14.8,8.004
2013-10-05 11:34:35,73.8,14.7,8.023
2013-10-05 11:34:41,72.6,13.7,8.046
2013-10-05 11:34:46,71.6,14.1,8.067
2013-10-05 11:34:47,71.6,14.1,8.071
2013-10-05 11:34:51,71.0,15.2,8.089
2013-10-05 11:34:56,70.4,15.4,8.110
2013-10-05 11:35:01,70.2,15.7,8.132
2013-10-05 11:35:03,70.2,15.8,8.142
2013-10-05 11:35:08,70.2,15.7,8.162
2013-10-05 11:35:09,70.2,15.6,8.166
2013-10-05 11:35:15,71.2,14.3,8.188
2013-10-05 11:35:21,71.8,14.4,8.212
2013-10-05 11:35:25,71.6,15.4,8.229
2013-10-05 11:35:29,71.6,16.2,8.246
2013-10-05 11:35:34,71.2,15.2,8.267
2013-10-05 11:35:35,71.2,15.0,8.271
2013-10-05 11:35:39,71.0,14.7,8.286
2013-10-05 11:35:44,70.8,14.3,8.306
2013-10-05 11:35:50,70.4,14.2,8.330
2013-10-05 11:35:55,70.2,14.5,8.351
2013-10-05 11:35:56,70.2,14.6,8.355
2013-10-05 11:36:01,70.0,14.9,8.375
2013-10-05 11:36:06,69.6,14.4,8.395
2013-10-05 11:36:11,69.4,14.3,8.415
2013-10-05 11:36:12,69.2,14.2,8.419
2013-10-05 11:36:18,69.2,13.8,8.441
2013-10-05 11:36:19,69.0,13.8,8.445
2013-10-05 11:36:24,69.0,13.7,8.464
2013-10-05 11:36:29,69.0,13.8,8.483
2013-10-05 11:36:35,69.2,13.6,8.505
2013-10-05 11:36:41,69.4,13.9,8.530
2013-10-05 11:36:46,69.2,13.9,8.548
2013-10-05 11:36:51,69.2,13.6,8.567
2013-10-05 11:36:56,69.6,14.1,8.588
2013-10-05 11:36:57,69.6,14.2,8.592
2013-10-05 11:37:02,69.8,14.8,8.613
2013-10-05 11:37:07,69.8,15.3,8.634
2013-10-05 11:37:08,69.8,15.2,8.639
2013-10-05 11:37:14,69.8,15.2,8.663
2013-10-05 11:37:20,69.6,14.4,8.686
2013-10-05 11:37:26,69.4,13.5,8.708
2013-10-05 11:37:31,69.0,13.8,8.728
2013-10-05 11:37:32,69.0,13.9,8.732
2013-10-05 11:37:37,68.8,14.4,8.752
2013-10-05 11:37:42,68.6,14.4,8.772
2013-10-05 11:37:46,68.4,14.1,8.788
2013-10-05 11:37:51,68.2,13.7,8.806
2013-10-05 11:37:55,68.0,13.6,8.821
2013-10-05 11:38:01,67.8,13.2,8.843
2013-10-05 11:38:06,67.6,13.4,8.862
2013-10-05 11:38:11,67.4,13.6,8.881
2013-10-05 11:38:16,67.4,14.5,8.903
2013-10-05 11:38:21,67.4,15.1,8.924
2013-10-05 11:38:22,67.4,14.9,8.927
2013-10-05 11:38:26,67.4,14.6,8.943
2013-10-05 11:38:32,67.4,13.8,8.966
2013-10-05 11:38:37,67.6,14.5,8.987
2013-10-05 11:38:38,67.4,14.2,8.990
2013-10-05 11:38:41,67.6,13.7,9.001
2013-10-05 11:38:44,67.4,13.9,9.013
2013-10-05 11:38:49,67.2,13.5,9.031
2013-10-05 11:38:52,67.2,13.2,9.042
2013-10-05 11:38:54,67.0,12.8,9.047
2013-10-05 11:38:58,66.6,11.9,9.059
2013-10-05 11:39:03,66.2,11.5,9.077
2013-10-05 11:39:04,66.2,11.7,9.081
2013-10-05 11:39:09,65.8,13.5,9.102
2013-10-05 11:39:10,65.8,13.6,9.106
2013-10-05 11:39:14,65.6,14.8,9.123
2013-10-05 11:39:19,65.4,15.0,9.143
2013-10-05 11:39:24,65.2,15.1,9.164
2013-10-05 11:39:25,65.2,15.0,9.169
2013-10-05 11:39:30,65.0,15.0,9.189
2013-10-05 11:39:36,65.0,14.5,9.213
2013-10-05 11:39:42,64.8,14.1,9.236
2013-10-05 11:39:47,64.6,13.4,9.253
2013-10-05 11:39:53,64.2,13.3,9.276
2013-10-05 11:39:58,64.0,14.1,9.297
2013-10-05 11:40:03,63.8,14.2,9.315
2013-10-05 11:40:06,63.8,13.5,9.325
2013-10-05 11:40:08,64.0,13.5,9.334
2013-10-05 11:40:12,64.4,12.8,9.347
2013-10-05 11:40:13,64.4,12.6,9.350
2013-10-05 11:40:18,64.6,12.8,9.369
2013-10-05 11:40:22,64.8,12.7,9.384
2013-10-05 11:40:24,65.0,13.0,9.391
2013-10-05 11:40:27,65.2,13.2,9.402
2013-10-05 11:40:33,66.0,13.2,9.424
2013-10-05 11:40:37,66.8,13.0,9.438
2013-10-05 11:40:43,68.2,13.3,9.460
2013-10-05 11:40:49,69.4,12.7,9.480
2013-10-05 11:40:53,70.2,12.8,9.496
2013-10-05 11:40:58,71.6,12.4,9.513
2013-10-05 11:41:04,73.2,12.9,9.535
2013-10-05 11:41:09,74.2,13.0,9.553
2013-10-05 11:41:15,75.6,13.7,9.577
2013-10-05 11:41:20,75.8,14.8,9.598
2013-10-05 11:41:21,76.0,15.0,9.603
2013-10-05 11:41:25,76.8,14.8,9.617
2013-10-05 11:41:29,77.4,14.5,9.634
2013-10-05 11:41:35,78.4,14.1,9.657
2013-10-05 11:41:40,78.0,14.9,9.678
2013-10-05 11:41:45,78.0,15.3,9.699
2013-10-05 11:41:46,77.8,15.1,9.703
2013-10-05 11:41:52,77.6,14.6,9.726
2013-10-05 11:41:57,77.2,14.0,9.745
2013-10-05 11:42:02,77.0,13.8,9.765
2013-10-05 11:42:03,76.8,13.8,9.768
2013-10-05 11:42:09,76.6,13.4,9.790
2013-10-05 11:42:15,76.4,13.3,9.813
2013-10-05 11:42:20,76.0,13.7,9.832
2013-10-05 11:42:25,75.8,14.5,9.853
2013-10-05 11:42:30,75.4,14.8,9.874
2013-10-05 11:42:32,75.4,14.9,9.882
2013-10-05 11:42:37,75.0,14.7,9.903
2013-10-05 11:42:38,75.0,14.7,9.906
2013-10-05 11:42:44,74.6,14.5,9.930
2013-10-05 11:42:45,74.6,14.4,9.934
2013-10-05 11:42:51,74.4,13.7,9.956
2013-10-05 11:42:57,74.2,13.2,9.978
2013-10-05 11:42:58,74.2,13.2,9.982
2013-10-05 11:43:03,74.0,13.5,10.002
2013-10-05 11:43:08,73.8,13.7,10.020
2013-10-05 11:43:14,73.6,13.4,10.042
2013-10-05 11:43:20,73.4,12.9,10.063
2013-10-05 11:43:26,73.2,13.1,10.086
2013-10-05 11:43:27,73.2,13.1,10.089
2013-10-05 11:43:32,73.2,12.9,10.107
2013-10-05 11:43:38,73.2,12.3,10.127
2013-10-05 11:43:39,73.2,12.3,10.130
2013-10-05 11:43:45,73.4,12.9,10.153
2013-10-05 11:43:50,73.4,13.5,10.172
2013-10-05 11:43:54,73.2,13.3,10.186
2013-10-05 11:43:59,73.2,13.1,10.204
2013-10-05 11:44:04,73.2,13.1,10.222
2013-10-05 11:44:09,73.0,12.9,10.240
2013-10-05 11:44:14,73.0,12.8,10.257
2013-10-05 11:44:19,73.0,13.1,10.277
2013-10-05 11:44:24,73.0,13.5,10.296
2013-10-05 11:44:29,73.0,13.6,10.315
2013-10-05 11:44:34,73.2,13.7,10.334
2013-10-05 11:44:40,73.4,14.0,10.358
2013-10-05 11:44:46,73.8,13.9,10.380
2013-10-05 11:44:50,74.2,13.5,10.395
2013-10-05 11:44:51,74.2,13.4,10.398
2013-10-05 11:44:56,74.6,12.9,10.416
2013-10-05 11:45:02,75.0,13.1,10.438
2013-10-05 11:45:07,75.2,13.4,10.457
2013-10-05 11:45:13,75.2,13.5,10.480
2013-10-05 11:45:14,75.2,13.6,10.484
2013-10-05 11:45:19,75.2,13.6,10.502
2013-10-05 11:45:24,75.2,14.1,10.523
2013-10-05 11:45:29,75.2,14.4,10.543
2013-10-05 11:45:30,75.2,14.4,10.547
2013-10-05 11:45:35,75.2,14.5,10.568
2013-10-05 11:45:39,75.2,14.3,10.583
2013-10-05 11:45:45,75.2,13.7,10.606
2013-10-05 11:45:51,75.2,13.8,10.630
2013-10-05 11:45:57,75.4,14.3,10.654
2013-10-05 11:46:03,75.6,14.4,10.678
2013-10-05 11:46:09,76.2,14.3,10.701
2013-10-05 11:46:15,76.8,13.7,10.723
2013-10-05 11:46:16,76.8,13.5,10.727
2013-10-05 11:46:21,77.4,13.2,10.745
2013-10-05 11:46:25,77.4,11.5,10.752
2013-10-05 11:46:28,77.4,11.0,10.764
2013-10-05 11:46:33,77.6,12.8,10.788
2013-10-05 11:46:34,77.6,13.2,10.793
2013-10-05 11:46:38,77.8,16.7,10.813
2013-10-05 11:46:39,78.0,16.9,10.816
2013-10-05 11:46:44,78.4,16.3,10.838
2013-10-05 11:46:45,78.6,16.0,10.841
2013-10-05 11:46:49,79.0,15.0,10.856
2013-10-05 11:46:54,79.4,14.5,10.878
2013-10-05 11:46:58,79.8,14.2,10.893
2013-10-05 11:47:02,80.4,14.8,10.911
2013-10-05 11:47:07,81.2,14.6,10.931
2013-10-05 11:47:12,81.6,15.4,10.954
2013-10-05 11:47:13,81.8,15.6,10.958
2013-10-05 11:47:18,82.2,15.9,10.980
2013-10-05 11:47:19,82.2,15.8,10.984
2013-10-05 11:47:24,81.4,14.7,10.998
2013-10-05 11:47:25,81.4,14.5,11.002
2013-10-05 11:47:29,81.0,13.8,11.018
2013-10-05 11:47:34,80.6,14.3,11.039
2013-10-05 11:47:39,80.2,14.3,11.058
2013-10-05 11:47:44,79.8,14.4,11.078
2013-10-05 11:47:50,79.4,14.3,11.101
2013-10-05 11:47:55,79.0,13.9,11.121
2013-10-05 11:47:59,78.6,14.1,11.137
2013-10-05 11:48:05,78.2,14.2,11.161
2013-10-05 11:48:10,77.6,14.4,11.181
2013-10-05 11:48:15,77.4,14.2,11.201
2013-10-05 11:48:20,77.0,14.0,11.219
2013-10-05 11:48:25,76.8,14.1,11.240
2013-10-05 11:48:26,76.6,14.1,11.243
2013-10-05 11:48:30,76.4,14.2,11.260
2013-10-05 11:48:36,76.0,14.3,11.284
2013-10-05 11:48:40,75.8,13.9,11.298
2013-10-05 11:48:44,75.6,13.8,11.314
2013-10-05 11:48:49,75.4,13.6,11.333
2013-10-05 11:48:54,75.2,14.0,11.353
2013-10-05 11:48:58,75.0,13.8,11.367
2013-10-05 11:49:04,74.8,13.9,11.392
2013-10-05 11:49:09,74.4,14.3,11.412
2013-10-05 11:49:15,74.2,14.5,11.436
2013-10-05 11:49:20,73.8,14.5,11.456
2013-10-05 11:49:25,73.4,14.9,11.477
2013-10-05 11:49:26,73.4,14.9,11.481
2013-10-05 11:49:31,73.0,15.2,11.502
2013-10-05 11:49:32,72.8,15.1,11.507
2013-10-05 11:49:37,72.4,14.9,11.527
2013-10-05 11:49:39,72.2,14.8,11.534
2013-10-05 11:49:43,72.0,14.5,11.551
2013-10-05 11:49:48,71.6,14.5,11.571
2013-10-05 11:49:49,71.6,14.4,11.575
2013-10-05 11:49:55,71.2,14.2,11.598
2013-10-05 11:50:00,70.8,14.0,11.617
2013-10-05 11:50:06,70.6,13.5,11.639
2013-10-05 11:50:11,70.4,13.2,11.658
2013-10-05 11:50:17,70.0,13.3,11.680
2013-10-05 11:50:23,69.8,13.1,11.701
2013-10-05 11:50:28,69.6,13.7,11.722
2013-10-05 11:50:29,69.4,13.7,11.726
2013-10-05 11:50:34,69.2,13.9,11.744
2013-10-05 11:50:39,69.0,13.2,11.761
2013-10-05 11:50:44,68.6,13.3,11.781
2013-10-05 11:50:50,68.2,13.8,11.805
2013-10-05 11:50:54,68.2,13.9,11.819
2013-10-05 11:51:00,68.0,13.4,11.841
2013-10-05 11:51:02,68.0,13.1,11.848
2013-10-05 11:51:07,68.0,13.0,11.867
2013-10-05 11:51:11,68.0,13.5,11.883
2013-10-05 11:51:15,68.4,13.2,11.896
2013-10-05 11:51:20,69.2,12.5,11.913
2013-10-05 11:51:25,70.4,11.4,11.928
2013-10-05 11:51:29,71.4,12.3,11.943
2013-10-05 11:51:34,72.8,12.7,11.962
2013-10-05 11:51:39,73.8,13.4,11.981
2013-10-05 11:51:43,74.4,13.8,11.997
2013-10-05 11:51:44,74.4,13.9,12.001
2013-10-05 11:51:49,74.8,14.5,12.021
2013-10-05 11:51:55,75.0,14.3,12.045
2013-10-05 11:52:00,75.0,13.9,12.064
2013-10-05 11:52:05,75.2,13.7,12.084
2013-10-05 11:52:10,75.2,13.8,12.103
2013-10-05 11:52:14,75.0,14.5,12.120
2013-10-05 11:52:19,75.0,14.9,12.141
2013-10-05 11:52:23,74.8,15.3,12.158
2013-10-05 11:52:27,74.8,15.4,12.176
2013-10-05 11:52:32,74.6,15.8,12.199
2013-10-05 11:52:34,74.4,15.7,12.207
2013-10-05 11:52:39,74.0,15.1,12.226
2013-10-05 11:52:44,73.6,14.0,12.245
2013-10-05 11:52:49,73.4,13.9,12.265
2013-10-05 11:52:50,73.4,14.2,12.270
2013-10-05 11:52:55,73.0,14.5,12.289
2013-10-05 11:53:00,72.8,14.6,12.309
2013-10-05 11:53:06,72.2,14.0,12.332
2013-10-05 11:53:11,72.0,13.4,12.350
2013-10-05 11:53:16,71.6,13.3,12.369
2013-10-05 11:53:21,71.2,13.7,12.389
2013-10-05 11:53:26,70.8,14.0,12.407
2013-10-05 11:53:32,70.6,13.9,12.431
2013-10-05 11:53:36,70.6,14.3,12.448
2013-10-05 11:53:40,70.4,14.1,12.461
2013-10-05 11:53:45,70.2,13.8,12.481
2013-10-05 11:53:50,70.2,13.6,12.501
2013-10-05 11:53:54,70.0,14.5,12.517
2013-10-05 11:53:59,70.0,14.3,12.536
2013-10-05 11:54:04,70.0,14.0,12.556
2013-10-05 11:54:09,70.0,13.2,12.572
2013-10-05 11:54:15,70.6,12.3,12.593
2013-10-05 11:54:20,70.4,13.8,12.616
2013-10-05 11:54:21,70.4,14.2,12.620
2013-10-05 11:54:26,70.2,15.4,12.641
2013-10-05 11:54:31,70.0,13.9,12.658
2013-10-05 11:54:36,69.8,13.1,12.676
2013-10-05 11:54:41,69.6,13.7,12.697
2013-10-05 11:54:47,69.2,14.6,12.721
2013-10-05 11:54:53,68.8,13.6,12.742
2013-10-05 11:54:54,68.8,13.5,12.746
2013-10-05 11:54:59,68.4,13.1,12.765
2013-10-05 11:55:05,68.0,13.3,12.787
2013-10-05 11:55:11,67.4,13.2,12.808
2013-10-05 11:55:12,67.4,13.2,12.813
2013-10-05 11:55:18,67.0,13.5,12.835
2013-10-05 11:55:23,66.6,13.5,12.854
2013-10-05 11:55:29,66.4,13.4,12.876
2013-10-05 11:55:35,66.2,13.4,12.899
2013-10-05 11:55:41,66.2,12.9,12.919
2013-10-05 11:55:47,66.0,12.6,12.940
2013-10-05 11:55:48,66.0,12.5,12.944
2013-10-05 11:55:53,65.8,12.8,12.962
2013-10-05 11:55:59,65.8,13.1,12.984
2013-10-05 11:56:04,65.6,12.9,13.002
2013-10-05 11:56:10,65.6,13.1,13.023
2013-10-05 11:56:11,65.6,13.0,13.027
2013-10-05 11:56:15,65.4,13.4,13.043
2013-10-05 11:56:20,65.6,13.7,13.064
2013-10-05 11:56:21,65.6,13.7,13.067
2013-10-05 11:56:27,65.4,14.6,13.092
2013-10-05 11:56:28,65.4,14.5,13.096
2013-10-05 11:56:33,65.6,14.1,13.114
2013-10-05 11:56:38,65.8,14.3,13.135
2013-10-05 11:56:39,66.0,14.2,13.139
2013-10-05 11:56:44,66.4,14.8,13.159
2013-10-05 11:56:45,66.6,14.8,13.164
2013-10-05 11:56:51,67.0,14.2,13.186
2013-10-05 11:56:55,67.6,13.3,13.199
2013-10-05 11:57:00,67.8,13.7,13.220
2013-10-05 11:57:05,68.2,14.2,13.240
2013-10-05 11:57:10,68.6,14.1,13.259
2013-10-05 11:57:15,69.4,13.7,13.278
2013-10-05 11:57:21,69.6,13.7,13.301
2013-10-05 11:57:22,69.6,13.8,13.305
2013-10-05 11:57:27,69.4,13.8,13.324
2013-10-05 11:57:33,69.2,13.7,13.347
2013-10-05 11:57:37,69.0,13.6,13.362
2013-10-05 11:57:41,69.0,13.6,13.378
2013-10-05 11:57:45,69.0,13.7,13.392
2013-10-05 11:57:49,68.8,13.5,13.407
2013-10-05 11:57:53,68.8,12.7,13.420
2013-10-05 11:57:58,68.6,12.7,13.438
2013-10-05 11:58:03,68.6,13.2,13.458
2013-10-05 11:58:09,68.4,13.8,13.481
2013-10-05 11:58:10,68.4,13.9,13.485
2013-10-05 11:58:16,68.6,13.0,13.505
2013-10-05 11:58:20,68.4,13.3,13.521
2013-10-05 11:58:25,68.4,13.3,13.539
2013-10-05 11:58:31,68.0,13.1,13.561
2013-10-05 11:58:33,68.0,12.9,13.568
2013-10-05 11:58:39,67.6,13.2,13.591
2013-10-05 11:58:45,67.2,13.4,13.613
2013-10-05 11:58:51,66.6,13.1,13.635
2013-10-05 11:58:52,66.6,13.1,13.638
2013-10-05 11:58:58,66.2,12.6,13.658
2013-10-05 11:59:04,65.8,12.4,13.680
2013-10-05 11:59:09,65.8,13.4,13.700
2013-10-05 11:59:11,65.6,13.7,13.708
2013-10-05 11:59:16,65.6,14.7,13.730
2013-10-05 11:59:17,65.6,14.8,13.733
2013-10-05 11:59:22,65.8,14.5,13.752
2013-10-05 11:59:26,66.6,14.3,13.767
2013-10-05 11:59:30,67.2,13.7,13.783
2013-10-05 11:59:34,68.2,14.2,13.799
2013-10-05 11:59:38,69.6,13.3,13.812
2013-10-05 11:59:43,72.2,13.2,13.831
2013-10-05 11:59:48,73.4,13.5,13.851
2013-10-05 11:59:50,73.6,14.4,13.860
2013-10-05 11:59:56,75.0,14.6,13.884
2013-10-05 12:00:00,76.2,14.4,13.899
2013-10-05 12:00:04,77.4,14.0,13.916
2013-10-05 12:00:10,79.6,14.1,13.939
2013-10-05 12:00:16,81.8,13.4,13.961
2013-10-05 12:00:21,80.8,14.5,13.983
2013-10-05 12:00:25,80.6,15.0,14.000
2013-10-05 12:00:30,80.0,15.5,14.022
2013-10-05 12:00:31,79.8,15.4,14.026
2013-10-05 12:00:36,79.2,15.1,14.046
2013-10-05 12:00:42,78.8,13.6,14.067
2013-10-05 12:00:47,78.4,13.5,14.088
2013-10-05 12:00:52,78.0,14.1,14.107
2013-10-05 12:00:57,77.6,14.3,14.127
2013-10-05 12:01:02,77.0,14.1,14.146
2013-10-05 12:01:07,76.4,13.6,14.165
2013-10-05 12:01:11,75.8,13.5,14.180
2013-10-05 12:01:16,75.2,13.5,14.198
2013-10-05 12:01:21,74.4,13.7,14.219
2013-10-05 12:01:22,74.4,13.9,14.222
2013-10-05 12:01:27,73.8,14.1,14.242
2013-10-05 12:01:32,73.4,14.4,14.263
2013-10-05 12:01:38,72.6,14.4,14.287
2013-10-05 12:01:39,72.6,14.3,14.290
2013-10-05 12:01:45,72.0,13.9,14.313
2013-10-05 12:01:50,71.6,13.4,14.331
2013-10-05 12:01:54,71.2,12.9,14.345
2013-10-05 12:01:55,71.0,12.7,14.347
2013-10-05 12:02:00,70.8,12.2,14.364
2013-10-05 12:02:05,70.4,11.9,14.381
2013-10-05 12:02:09,70.2,12.7,14.397
2013-10-05 12:02:14,70.4,14.1,14.417
2013-10-05 12:02:19,71.0,14.5,14.439
2013-10-05 12:02:24,71.8,14.7,14.459
2013-10-05 12:02:29,71.8,14.8,14.479
2013-10-05 12:02:30,71.6,14.8,14.483
2013-10-05 12:02:35,71.4,14.4,14.503
2013-10-05 12:02:40,71.0,14.6,14.524
2013-10-05 12:02:44,70.6,14.7,14.540
2013-10-05 12:02:50,70.2,14.3,14.563
2013-10-05 12:02:54,70.0,14.4,14.580
2013-10-05 12:02:59,70.0,14.4,14.600
2013-10-05 12:03:04,70.0,14.3,14.619
2013-10-05 12:03:10,70.2,14.3,14.644
2013-10-05 12:03:16,70.0,14.1,14.666
2013-10-05 12:03:21,69.8,13.3,14.683
2013-10-05 12:03:26,69.2,13.1,14.703
2013-10-05 12:03:30,69.0,13.8,14.720
2013-10-05 12:03:35,68.6,14.8,14.741
2013-10-05 12:03:40,68.2,14.7,14.760
2013-10-05 12:03:45,68.0,14.3,14.779
2013-10-05 12:03:50,67.8,13.8,14.798
2013-10-05 12:03:55,67.8,13.7,14.818
2013-10-05 12:04:00,68.0,14.2,14.837
2013-10-05 12:04:05,68.2,14.2,14.857
2013-10-05 12:04:06,68.0,14.4,14.863
2013-10-05 12:04:11,67.6,15.0,14.883
2013-10-05 12:04:16,67.4,14.8,14.903
2013-10-05 12:04:21,67.0,14.5,14.924
2013-10-05 12:04:26,66.8,14.3,14.944
2013-10-05 12:04:32,66.6,13.9,14.966
2013-10-05 12:04:37,66.4,13.6,14.984
2013-10-05 12:04:41,66.2,13.4,15.000
2013-10-05 12:04:43,66.2,13.4,15.008
2013-10-05 12:04:49,66.0,13.5,15.030
2013-10-05 12:04:55,66.0,13.0,15.050
2013-10-05 12:05:00,66.0,13.0,15.069
2013-10-05 12:05:05,65.8,13.1,15.088
2013-10-05 12:05:10,65.4,13.2,15.105
2013-10-05 12:05:14,65.4,13.4,15.122
2013-10-05 12:05:18,65.2,13.6,15.137
2013-10-05 12:05:23,65.2,13.9,15.156
2013-10-05 12:05:28,65.4,13.4,15.174
2013-10-05 12:05:32,65.6,13.3,15.189
2013-10-05 12:05:38,66.2,13.7,15.213
2013-10-05 12:05:43,67.2,13.5,15.230
2013-10-05 12:05:48,68.0,13.4,15.249
2013-10-05 12:05:54,68.6,13.1,15.270
2013-10-05 12:05:59,68.8,13.5,15.290
2013-10-05 12:06:03,69.2,13.1,15.301
2013-10-05 12:06:07,69.0,12.6,15.316
2013-10-05 12:06:12,68.8,11.7,15.332
2013-10-05 12:06:17,68.6,12.7,15.350
2013-10-05 12:06:22,68.2,12.5,15.367
2013-10-05 12:06:27,67.8,13.1,15.386
2013-10-05 12:06:32,67.4,13.0,15.404
2013-10-05 12:06:38,67.2,13.3,15.427
2013-10-05 12:06:44,67.0,13.2,15.448
2013-10-05 12:06:49,66.8,13.0,15.466
2013-10-05 12:06:55,66.6,13.2,15.489
2013-10-05 12:06:56,66.6,13.3,15.493
2013-10-05 12:07:02,67.0,13.7,15.516
2013-10-05 12:07:03,67.0,13.7,15.520
2013-10-05 12:07:09,67.4,13.8,15.543
2013-10-05 12:07:15,68.0,13.7,15.566
2013-10-05 12:07:20,67.8,14.0,15.586
2013-10-05 12:07:25,68.0,14.4,15.606
2013-10-05 12:07:26,68.2,14.6,15.610
2013-10-05 12:07:31,68.2,14.7,15.632
2013-10-05 12:07:32,68.2,14.9,15.636
2013-10-05 12:07:36,68.2,15.5,15.654
2013-10-05 12:07:41,68.0,15.4,15.674
2013-10-05 12:07:46,68.0,14.6,15.693
2013-10-05 12:07:50,68.0,14.1,15.709
2013-10-05 12:07:55,68.0,14.0,15.729
2013-10-05 12:08:00,67.8,14.7,15.751
2013-10-05 12:08:05,67.6,15.6,15.773
2013-10-05 12:08:06,67.6,15.5,15.777
2013-10-05 12:08:10,67.2,15.6,15.793
2013-10-05 12:08:15,66.8,15.3,15.815
2013-10-05 12:08:21,66.4,14.7,15.839
2013-10-05 12:08:22,66.4,14.7,15.842
2013-10-05 12:08:27,66.0,14.2,15.863
2013-10-05 12:08:28,66.0,14.3,15.867
2013-10-05 12:08:34,65.6,14.2,15.890
2013-10-05 12:08:39,65.2,14.5,15.911
2013-10-05 12:08:40,65.0,14.5,15.915
2013-10-05 12:08:45,64.6,14.5,15.935
2013-10-05 12:08:50,64.2,14.5,15.954
2013-10-05 12:08:55,63.8,14.5,15.975
2013-10-05 12:08:56,63.6,14.5,15.979
2013-10-05 12:09:01,63.2,14.6,16.000
2013-10-05 12:09:02,63.2,14.6,16.004
2013-10-05 12:09:07,62.8,14.8,16.024
2013-10-05 12:09:12,62.4,15.2,16.047
2013-10-05 12:09:17,61.8,15.3,16.067
2013-10-05 12:09:18,61.8,15.3,16.071
2013-10-05 12:09:23,61.4,14.6,16.091
2013-10-05 12:09:28,60.8,14.0,16.109
2013-10-05 12:09:33,60.4,13.6,16.128
2013-10-05 12:09:38,59.6,13.2,16.146
2013-10-05 12:09:44,58.8,13.8,16.170
2013-10-05 12:09:49,58.2,14.2,16.191
2013-10-05 12:09:50,58.2,14.5,16.195
2013-10-05 12:09:55,57.8,14.7,16.215
2013-10-05 12:09:56,57.6,14.7,16.219
2013-10-05 12:10:02,57.0,14.2,16.242
2013-10-05 12:10:03,57.0,14.1,16.246
2013-10-05 12:10:09,56.4,13.9,16.270
2013-10-05 12:10:13,56.0,13.8,16.285
2013-10-05 12:10:18,55.6,13.9,16.305
2013-10-05 12:10:23,55.4,13.8,16.324
2013-10-05 12:10:27,55.2,14.3,16.340
2013-10-05 12:10:32,55.0,14.1,16.358
2013-10-05 12:10:37,55.0,13.3,16.376
2013-10-05 12:10:42,54.8,13.1,16.395
2013-10-05 12:10:47,54.6,13.7,16.415
2013-10-05 12:10:53,54.6,14.1,16.438
2013-10-05 12:10:54,54.6,14.1,16.442
2013-10-05 12:10:59,54.6,13.9,16.462
2013-10-05 12:11:00,54.6,13.9,16.466
2013-10-05 12:11:06,55.0,13.9,16.489
2013-10-05 12:11:11,55.2,14.6,16.510
2013-10-05 12:11:17,55.0,14.0,16.531
2013-10-05 12:11:23,55.2,12.7,16.553
2013-10-05 12:11:28,55.2,13.0,16.571
2013-10-05 12:11:33,55.4,12.9,16.589
2013-10-05 12:11:38,55.8,13.1,16.607
2013-10-05 12:11:43,56.0,12.9,16.625
2013-10-05 12:11:48,56.2,12.5,16.642
2013-10-05 12:11:54,56.2,12.6,16.663
2013-10-05 12:11:59,56.2,12.8,16.681
2013-10-05 12:12:04,56.4,12.9,16.699
2013-10-05 12:12:10,56.6,12.9,16.720
2013-10-05 12:12:11,56.6,12.9,16.724
2013-10-05 12:12:17,56.6,12.1,16.743
2013-10-05 12:12:23,56.6,12.6,16.766
2013-10-05 12:12:29,56.8,13.5,16.789
2013-10-05 12:12:35,56.8,13.6,16.812
2013-10-05 12:12:39,56.8,13.5,16.826
2013-10-05 12:12:45,56.8,13.8,16.850
2013-10-05 12:12:51,57.0,14.0,16.873
2013-10-05 12:12:57,57.2,13.8,16.897
2013-10-05 12:13:03,57.4,13.6,16.918
2013-10-05 12:13:09,57.4,13.0,16.940
2013-10-05 12:13:15,57.4,13.2,16.963
2013-10-05 12:13:21,57.6,13.8,16.986
2013-10-05 12:13:25,57.6,13.9,17.001
2013-10-05 12:13:27,57.6,13.9,17.010
2013-10-05 12:13:32,57.6,14.2,17.029
2013-10-05 12:13:37,57.6,14.4,17.049
2013-10-05 12:13:42,57.8,14.7,17.071
2013-10-05 12:13:47,58.0,15.2,17.092
2013-10-05 12:13:48,58.2,15.3,17.096
2013-10-05 12:13:53,58.2,15.2,17.117
2013-10-05 12:13:54,58.2,15.1,17.121
2013-10-05 12:13:59,58.2,14.9,17.141
2013-10-05 12:14:00,58.2,14.7,17.145
2013-10-05 12:14:06,58.2,14.5,17.169
2013-10-05 12:14:11,58.2,14.5,17.190
2013-10-05 12:14:13,58.2,14.6,17.198
2013-10-05 12:14:19,58.2,14.4,17.222
2013-10-05 12:14:25,58.0,14.1,17.245
2013-10-05 12:14:31,58.0,14.1,17.269
2013-10-05 12:14:37,57.8,13.9,17.291
2013-10-05 12:14:41,57.6,13.6,17.306
2013-10-05 12:14:46,57.6,12.2,17.321
2013-10-05 12:14:51,57.4,11.5,17.336
2013-10-05 12:14:56,57.4,11.8,17.356
2013-10-05 12:15:01,57.4,12.8,17.375
2013-10-05 12:15:07,57.4,13.1,17.395
2013-10-05 12:15:10,57.4,13.3,17.408
2013-10-05 12:15:16,57.2,13.1,17.430
2013-10-05 12:15:21,57.2,13.5,17.449
2013-10-05 12:15:26,57.0,13.5,17.467
2013-10-05 12:15:31,57.2,13.2,17.485
2013-10-05 12:15:36,58.0,13.3,17.504
2013-10-05 12:15:40,59.0,13.2,17.518
2013-10-05 12:15:45,60.8,13.1,17.537
2013-10-05 12:15:51,64.0,13.1,17.559
2013-10-05 12:15:57,67.6,13.1,17.581
2013-10-05 12:16:01,70.6,13.1,17.596
2013-10-05 12:16:06,74.4,13.1,17.615
2013-10-05 12:16:11,77.8,13.2,17.632
2013-10-05 12:16:16,81.0,12.8,17.650
2013-10-05 12:16:21,84.0,13.2,17.669
2013-10-05 12:16:26,86.2,13.2,17.687
2013-10-05 12:16:31,87.4,12.9,17.703
2013-10-05 12:16:36,88.0,13.0,17.722
2013-10-05 12:16:42,88.0,13.7,17.747
2013-10-05 12:16:47,88.0,13.9,17.765
2013-10-05 12:16:52,88.0,14.2,17.784
2013-10-05 12:16:57,88.0,13.3,17.801
2013-10-05 12:17:01,87.8,12.5,17.814
2013-10-05 12:17:06,87.8,12.1,17.832
2013-10-05 12:17:11,87.8,12.7,17.850
2013-10-05 12:17:16,87.8,13.6,17.870
2013-10-05 12:17:22,87.6,13.9,17.894
2013-10-05 12:17:27,87.6,14.3,17.914
2013-10-05 12:17:32,87.4,14.4,17.934
2013-10-05 12:17:38,87.2,14.2,17.957
2013-10-05 12:17:39,87.2,14.1,17.961
2013-10-05 12:17:44,87.0,14.2,17.981
2013-10-05 12:17:49,86.8,14.2,18.001
2013-10-05 12:17:50,86.8,14.3,18.005
2013-10-05 12:17:50,86.8,14.3,18.005
2013-10-05 12:17:55,86.0,15.3,18.027
2013-10-05 12:17:59,85.2,16.0,18.046
2013-10-05 12:18:02,84.4,16.2,18.059
2013-10-05 12:18:04,84.0,16.3,18.068
2013-10-05 12:18:09,83.2,15.6,18.088
2013-10-05 12:18:10,83.0,15.4,18.091
2013-10-05 12:18:14,82.4,14.7,18.107
2013-10-05 12:18:20,81.4,14.4,18.132
2013-10-05 12:18:25,80.2,15.3,18.154
2013-10-05 12:18:28,79.6,16.1,18.168
2013-10-05 12:18:29,79.4,16.2,18.172
2013-10-05 12:18:33,78.6,15.6,18.188
2013-10-05 12:18:39,77.6,14.1,18.211
2013-10-05 12:18:45,76.6,13.5,18.233
2013-10-05 12:18:51,75.8,13.1,18.255
2013-10-05 12:18:57,74.8,13.1,18.277
2013-10-05 12:18:58,74.6,13.2,18.280
2013-10-05 12:19:03,74.0,13.2,18.299
2013-10-05 12:19:09,73.2,13.2,18.321
2013-10-05 12:19:14,72.4,13.3,18.339
2013-10-05 12:19:19,71.8,13.3,18.358
2013-10-05 12:19:25,71.2,13.2,18.380
2013-10-05 12:19:27,71.0,13.2,18.387
2013-10-05 12:19:33,70.2,13.0,18.408
2013-10-05 12:19:39,69.6,13.1,18.431
2013-10-05 12:19:45,69.0,13.0,18.452
2013-10-05 12:19:46,69.0,13.2,18.456
2013-10-05 12:19:52,68.4,13.3,18.478
2013-10-05 12:19:58,68.0,13.5,18.501
2013-10-05 12:20:04,67.8,13.0,18.522
2013-10-05 12:20:06,67.6,13.0,18.530
2013-10-05 12:20:12,67.2,12.6,18.550
2013-10-05 12:20:18,67.0,12.8,18.572
2013-10-05 12:20:24,66.4,12.4,18.592
2013-10-05 12:20:28,66.2,12.2,18.605
2013-10-05 12:20:34,65.6,12.1,18.626
2013-10-05 12:20:39,65.2,12.3,18.644
2013-10-05 12:20:45,64.8,12.7,18.665
2013-10-05 12:20:50,64.6,13.1,18.684
2013-10-05 12:20:55,64.2,13.3,18.703
2013-10-05 12:21:01,63.8,13.7,18.726
2013-10-05 12:21:06,63.4,14.1,18.747
2013-10-05 12:21:07,63.4,14.0,18.749
2013-10-05 12:21:13,63.0,13.5,18.771
2013-10-05 12:21:19,62.8,12.9,18.792
2013-10-05 12:21:24,62.4,12.5,18.810
2013-10-05 12:21:30,62.2,12.7,18.831
2013-10-05 12:21:36,61.8,13.0,18.854
2013-10-05 12:21:41,61.6,13.2,18.872
2013-10-05 12:21:47,61.4,13.5,18.894
2013-10-05 12:21:53,61.0,13.0,18.916
2013-10-05 12:21:58,60.8,13.0,18.935
2013-10-05 12:22:03,60.8,13.3,18.953
2013-10-05 12:22:08,60.8,13.0,18.970
2013-10-05 12:22:13,61.0,12.5,18.988
2013-10-05 12:22:17,61.2,12.7,19.002
2013-10-05 12:22:19,61.8,12.5,19.007
2013-10-05 12:22:24,62.4,11.4,19.020
2013-10-05 12:22:28,62.8,11.1,19.033
2013-10-05 12:22:34,63.8,12.2,19.056
2013-10-05 12:22:35,64.0,12.7,19.060
2013-10-05 12:22:39,64.0,14.0,19.077
2013-10-05 12:22:44,64.2,14.6,19.097
2013-10-05 12:22:48,64.4,13.6,19.109
2013-10-05 12:22:53,64.2,12.1,19.125
2013-10-05 12:22:58,64.2,12.1,19.145
2013-10-05 12:23:03,64.2,14.1,19.165
2013-10-05 12:23:04,64.2,14.3,19.169
2013-10-05 12:23:09,64.4,14.2,19.189
2013-10-05 12:23:15,64.6,13.2,19.209
2013-10-05 12:23:20,64.8,12.5,19.226
2013-10-05 12:23:24,65.0,13.0,19.244
2013-10-05 12:23:29,65.0,14.3,19.264
2013-10-05 12:23:31,65.0,14.6,19.272
2013-10-05 12:23:36,64.8,15.3,19.295
2013-10-05 12:23:37,64.8,15.4,19.299
2013-10-05 12:23:42,64.4,15.6,19.320
2013-10-05 12:23:43,64.2,15.6,19.325
2013-10-05 12:23:47,63.8,14.8,19.340
2013-10-05 12:23:52,63.4,13.7,19.358
2013-10-05 12:23:57,63.0,14.0,19.378
2013-10-05 12:23:58,63.0,14.0,19.382
2013-10-05 12:24:04,62.4,14.4,19.405
2013-10-05 12:24:10,61.8,14.1,19.429
2013-10-05 12:24:15,61.4,14.2,19.449
2013-10-05 12:24:19,61.2,14.4,19.465
2013-10-05 12:24:24,60.6,14.7,19.485
2013-10-05 12:24:28,60.4,14.6,19.502
2013-10-05 12:24:34,59.8,13.9,19.523
2013-10-05 12:24:40,59.0,13.4,19.546
2013-10-05 12:24:46,58.6,13.0,19.566
2013-10-05 12:24:51,58.2,13.5,19.587
2013-10-05 12:24:56,57.8,14.2,19.607
2013-10-05 12:24:58,57.6,14.7,19.615
2013-10-05 12:25:03,57.2,14.7,19.636
2013-10-05 12:25:05,57.2,14.6,19.644
2013-10-05 12:25:09,56.8,14.5,19.660
2013-10-05 12:25:14,56.6,14.3,19.680
2013-10-05 12:25:19,56.2,14.5,19.701
2013-10-05 12:25:23,56.0,15.0,19.718
2013-10-05 12:25:29,55.8,14.6,19.740
2013-10-05 12:25:35,55.6,13.5,19.763
2013-10-05 12:25:40,55.4,13.4,19.783
2013-10-05 12:25:46,55.2,13.9,19.805
2013-10-05 12:25:51,54.8,13.8,19.825
2013-10-05 12:25:54,54.8,14.0,19.837
2013-10-05 12:26:00,54.4,14.1,19.859
2013-10-05 12:26:05,54.2,13.6,19.878
2013-10-05 12:26:11,53.8,13.3,19.901
2013-10-05 12:26:16,53.6,13.8,19.920
2013-10-05 12:26:22,53.2,13.7,19.942
2013-10-05 12:26:24,53.2,13.6,19.950
2013-10-05 12:26:30,52.8,13.7,19.973
2013-10-05 12:26:36,52.4,13.6,19.996
2013-10-05 12:26:37,52.4,13.6,19.999
2013-10-05 12:26:38,52.4,13.5,20.002
2013-10-05 12:26:43,52.2,13.5,20.021
2013-10-05 12:26:47,52.2,13.6,20.037
2013-10-05 12:26:53,52.0,13.4,20.059
2013-10-05 12:26:59,51.8,13.3,20.082
2013-10-05 12:27:05,51.6,13.2,20.103
2013-10-05 12:27:11,51.2,13.1,20.125
2013-10-05 12:27:16,51.2,13.5,20.145
2013-10-05 12:27:21,51.0,14.0,20.165
2013-10-05 12:27:26,50.8,14.1,20.185
2013-10-05 12:27:31,50.8,14.5,20.206
2013-10-05 12:27:36,50.6,14.5,20.225
2013-10-05 12:27:40,50.4,13.8,20.239
2013-10-05 12:27:45,50.4,13.1,20.258
2013-10-05 12:27:51,50.2,13.3,20.280
2013-10-05 12:27:56,50.0,13.6,20.299
2013-10-05 12:27:57,50.0,13.5,20.303
2013-10-05 12:28:03,49.8,13.5,20.325
2013-10-05 12:28:06,49.8,13.0,20.335
2013-10-05 12:28:09,49.6,12.4,20.344
2013-10-05 12:28:11,49.6,11.8,20.350
2013-10-05 12:28:13,49.6,11.4,20.357
2013-10-05 12:28:19,49.4,11.1,20.375
2013-10-05 12:28:23,49.4,12.0,20.391
2013-10-05 12:28:24,49.4,12.3,20.395
2013-10-05 12:28:29,49.2,13.1,20.415
2013-10-05 12:28:34,49.2,14.3,20.435
2013-10-05 12:28:35,49.0,14.4,20.439
2013-10-05 12:28:39,49.0,14.1,20.455
2013-10-05 12:28:45,48.8,13.9,20.476
2013-10-05 12:28:51,48.6,13.6,20.500
2013-10-05 12:28:55,48.4,13.5,20.515
2013-10-05 12:28:56,48.4,13.4,20.518
2013-10-05 12:28:59,48.4,13.6,20.530
2013-10-05 12:29:01,48.4,13.4,20.538
2013-10-05 12:29:02,48.4,13.2,20.541
2013-10-05 12:29:07,48.4,11.4,20.553
2013-10-05 12:29:11,48.4,12.0,20.571
2013-10-05 12:29:15,48.6,12.2,20.585
2013-10-05 12:29:20,48.8,13.9,20.604
2013-10-05 12:29:25,49.2,14.0,20.624
2013-10-05 12:29:30,49.6,14.3,20.644
2013-10-05 12:29:31,49.6,14.3,20.647
2013-10-05 12:29:35,49.8,13.9,20.664
2013-10-05 12:29:40,50.0,13.8,20.682
2013-10-05 12:29:44,50.4,13.4,20.697
2013-10-05 12:29:49,51.4,13.4,20.716
2013-10-05 12:29:55,52.8,13.1,20.737
2013-10-05 12:29:56,53.0,13.1,20.741
2013-10-05 12:30:02,54.6,12.8,20.762
2013-10-05 12:30:04,55.0,12.6,20.768
2013-10-05 12:30:10,56.6,12.3,20.789
2013-10-05 12:30:15,57.6,12.3,20.806
2013-10-05 12:30:21,58.8,12.5,20.827
2013-10-05 12:30:22,59.0,12.5,20.831
2013-10-05 12:30:27,59.4,12.7,20.848
2013-10-05 12:30:33,59.4,12.9,20.870
2013-10-05 12:30:39,59.2,13.1,20.892
2013-10-05 12:30:45,58.8,13.5,20.915
2013-10-05 12:30:46,58.8,13.6,20.920
2013-10-05 12:30:51,58.4,13.8,20.938
2013-10-05 12:30:56,58.0,13.8,20.957
2013-10-05 12:31:01,57.6,14.4,20.979
2013-10-05 12:31:03,57.4,14.5,20.986
2013-10-05 12:31:07,57.0,14.8,21.003
2013-10-05 12:31:10,56.8,15.0,21.016
2013-10-05 12:31:15,56.2,14.9,21.037
2013-10-05 12:31:20,55.6,15.0,21.057
2013-10-05 12:31:22,55.6,15.0,21.066
2013-10-05 12:31:27,55.0,14.4,21.084
2013-10-05 12:31:28,55.0,14.0,21.087
2013-10-05 12:31:32,54.6,13.4,21.103
2013-10-05 12:31:34,54.4,13.4,21.112
2013-10-05 12:31:36,54.2,13.5,21.120
2013-10-05 12:31:41,53.6,14.4,21.140
2013-10-05 12:31:42,53.4,14.4,21.144
2013-10-05 12:31:47,52.8,14.5,21.164
2013-10-05 12:31:49,52.6,14.5,21.172
2013-10-05 12:31:54,52.2,14.4,21.192
2013-10-05 12:31:55,52.0,14.5,21.196
2013-10-05 12:32:00,51.6,14.0,21.215
2013-10-05 12:32:04,51.0,12.4,21.224
2013-10-05 12:32:08,50.8,10.5,21.235
2013-10-05 12:32:12,50.4,10.5,21.252
2013-10-05 12:32:13,50.4,10.6,21.256
2013-10-05 12:32:18,50.0,13.5,21.275
2013-10-05 12:32:23,49.6,14.3,21.295
2013-10-05 12:32:24,49.6,14.3,21.299
2013-10-05 12:32:29,49.4,14.2,21.319
2013-10-05 12:32:35,49.0,14.2,21.343
2013-10-05 12:32:40,48.8,14.1,21.362
2013-10-05 12:32:45,48.6,14.1,21.382
2013-10-05 12:32:50,48.4,14.1,21.402
2013-10-05 12:32:55,48.2,14.4,21.423
2013-10-05 12:33:00,48.0,14.9,21.444